{
  "pass": true,
  "violations": [],
  "proposed": {
    "pass": true,
    "hvStatsBefore": {
      "edgeCount": 71,
      "hvEdges": 0,
      "hvRatio": 0
    },
    "hvStatsAfter": {
      "edgeCount": 71,
      "hvEdges": 31,
      "hvRatio": 0.43661971830985913
    },
    "newCrossRouteGridKeys": []
  },
  "applied": {
    "pass": true,
    "hvStatsBefore": {
      "edgeCount": 71,
      "hvEdges": 0,
      "hvRatio": 0
    },
    "hvStatsAfter": {
      "edgeCount": 71,
      "hvEdges": 31,
      "hvRatio": 0.43661971830985913
    },
    "newCrossRouteGridKeys": []
  },
  "incremental": {
    "acceptedCount": 35,
    "rejectedCount": 0
  },
  "auditedAt": 1782968740788,
  "routesFingerprint": "0:2:16,6:15,4|1:2:15,4:11,1|2:2:23,8:24,7|3:2:33,15:30,14|4:2:33,15:42,18|5:2:42,18:41,22|6:2:34,21:41,22|7:2:34,21:28,25|8:2:31,26:26,27|9:2:31,26:40,28|10:2:31,26:28,25|11:2:32,34:26,27|12:2:32,34:36,36|13:2:38,33:40,28|14:2:38,33:36,36|15:2:56,20:51,30|16:2:51,30:47,29|17:2:48,23:52,24|18:2:48,23:41,22|19:2:47,29:40,28|20:2:10,50:14,44|21:2:14,44:19,39|22:2:10,50:6,56|23:2:6,56:4,55|24:2:4,55:3,49|25:2:19,39:26,27|26:2:19,39:25,42|27:2:19,39:18,31|28:2:26,27:28,25|29:2:40,28:41,22|30:2:28,25:21,19|31:2:21,19:17,16|32:2:21,19:18,31|33:2:21,19:30,14|34:2:17,16:5,17|35:2:5,17:2,13|36:2:2,13:1,37|37:2:1,37:0,51|38:2:17,16:18,31|39:2:7,38:18,31|40:2:30,14:20,10|41:2:36,36:25,42|42:2:36,36:44,46|43:2:25,42:27,43|44:2:25,42:37,45|45:2:44,46:45,47|46:2:44,46:37,45|47:2:45,47:43,52|48:2:45,47:39,48|49:2:37,45:29,53|50:2:29,53:22,54|51:2:11,1:8,2|52:2:8,2:9,3|53:2:11,1:12,0|54:2:13,5:16,6|55:2:23,8:35,9|56:2:35,9:33,15|57:2:33,15:34,21|58:2:34,21:31,26|59:2:31,26:32,34|60:2:32,34:38,33|61:2:38,33:46,35|62:2:46,35:54,32|63:2:46,35:47,29|64:2:56,20:55,12|65:2:55,12:49,11|66:2:49,11:48,23|67:2:48,23:47,29|68:2:16,6:23,8|69:2:46,35:50,38|70:2:50,38:53,41",
  "responseModel": "Composer",
  "writtenAt": 1782968740788
}