{
  "pass": true,
  "violations": [],
  "proposed": {
    "pass": true,
    "hvStatsBefore": {
      "edgeCount": 58,
      "hvEdges": 28,
      "hvRatio": 0.4827586206896552
    },
    "hvStatsAfter": {
      "edgeCount": 58,
      "hvEdges": 37,
      "hvRatio": 0.6379310344827587
    },
    "newCrossRouteGridKeys": []
  },
  "applied": {
    "pass": true,
    "hvStatsBefore": {
      "edgeCount": 58,
      "hvEdges": 28,
      "hvRatio": 0.4827586206896552
    },
    "hvStatsAfter": {
      "edgeCount": 58,
      "hvEdges": 37,
      "hvRatio": 0.6379310344827587
    },
    "newCrossRouteGridKeys": []
  },
  "incremental": {
    "acceptedCount": 8,
    "rejectedCount": 0
  },
  "auditedAt": 1782928577864,
  "routesFingerprint": "0:8:9,16:16,16|1:11:16,16:0,11|2:8:14,15:9,5|3:11:4,10:3,0|4:4:3,1:0,1|5:12:12,16:16,5|6:11:16,9:1,2",
  "responseModel": "Composer",
  "writtenAt": 1782928577864
}