{
  "pass": true,
  "violations": [],
  "proposed": {
    "pass": true,
    "hvStatsBefore": {
      "edgeCount": 71,
      "hvEdges": 28,
      "hvRatio": 0.39436619718309857
    },
    "hvStatsAfter": {
      "edgeCount": 71,
      "hvEdges": 47,
      "hvRatio": 0.6619718309859155
    },
    "newCrossRouteGridKeys": []
  },
  "applied": {
    "pass": true,
    "hvStatsBefore": {
      "edgeCount": 71,
      "hvEdges": 28,
      "hvRatio": 0.39436619718309857
    },
    "hvStatsAfter": {
      "edgeCount": 71,
      "hvEdges": 47,
      "hvRatio": 0.6619718309859155
    },
    "newCrossRouteGridKeys": []
  },
  "incremental": {
    "acceptedCount": 18,
    "rejectedCount": 0
  },
  "auditedAt": 1782969895598,
  "routesFingerprint": "0:2:16,6:15,4|1:2:15,4:11,4|2:2:23,8:23,7|3:2:33,15:30,15|4:2:33,15:42,18|5:2:42,18:41,21|6:2:34,21:41,21|7:2:34,21:28,25|8:2:31,26:26,25|9:2:31,26:40,28|10:2:31,26:28,25|11:2:32,34:26,25|12:2:32,34:36,36|13:2:40,33:40,28|14:2:40,33:36,36|15:2:56,20:56,30|16:2:56,30:47,28|17:2:47,23:48,23|18:2:47,23:41,21|19:2:47,28:40,28|20:2:10,50:10,44|21:2:10,44:10,39|22:2:10,50:6,56|23:2:6,56:4,56|24:2:4,56:4,49|25:2:10,39:26,25|26:2:10,39:25,42|27:2:10,39:18,31|28:2:26,25:28,25|29:2:40,28:41,21|30:2:28,25:18,19|31:2:18,19:17,16|32:2:18,19:18,31|33:2:18,19:30,15|34:2:17,16:5,17|35:2:5,17:2,13|36:2:2,13:1,37|37:2:1,37:0,51|38:2:17,16:18,31|39:2:7,31:18,31|40:2:30,15:20,14|41:2:36,36:25,42|42:2:36,36:44,46|43:2:25,42:27,42|44:2:25,42:37,45|45:2:44,46:44,47|46:2:44,46:37,45|47:2:44,47:43,52|48:2:44,47:39,47|49:2:37,45:29,54|50:2:29,54:22,54|51:2:11,4:8,2|52:2:8,2:8,3|53:2:11,4:11,0|54:2:13,6:16,6|55:2:23,8:33,8|56:2:33,8:33,15|57:2:33,15:34,21|58:2:34,21:31,26|59:2:31,26:32,34|60:2:32,34:40,33|61:2:40,33:47,29|62:2:47,29:54,35|63:2:47,29:47,28|64:2:56,20:55,12|65:2:55,12:49,12|66:2:49,12:47,23|67:2:47,23:47,28|68:2:16,6:23,8|69:2:47,29:50,38|70:2:50,38:50,41",
  "responseModel": "Composer",
  "writtenAt": 1782969895598
}