{
  "pass": true,
  "violations": [],
  "proposed": {
    "pass": true,
    "hvStatsBefore": {
      "edgeCount": 192,
      "hvEdges": 51,
      "hvRatio": 0.265625
    },
    "hvStatsAfter": {
      "edgeCount": 192,
      "hvEdges": 61,
      "hvRatio": 0.3177083333333333
    },
    "newCrossRouteGridKeys": []
  },
  "applied": {
    "pass": true,
    "hvStatsBefore": {
      "edgeCount": 192,
      "hvEdges": 51,
      "hvRatio": 0.265625
    },
    "hvStatsAfter": {
      "edgeCount": 192,
      "hvEdges": 61,
      "hvRatio": 0.3177083333333333
    },
    "newCrossRouteGridKeys": []
  },
  "incremental": {
    "acceptedCount": 12,
    "rejectedCount": 0
  },
  "auditedAt": 1782975056259,
  "routesFingerprint": "0:2:10,15:10,29|1:2:10,15:25,14|2:2:9,35:1,35|3:2:9,35:13,43|4:2:9,35:9,59|5:2:16,47:13,43|6:2:16,47:20,45|7:2:17,47:20,45|8:2:17,47:17,50|9:2:19,60:20,45|10:2:19,60:19,89|11:2:32,79:40,66|12:2:32,79:32,84|13:2:32,84:26,94|14:2:32,79:26,94|15:2:32,79:38,64|16:2:33,94:26,94|17:2:33,94:43,75|18:2:33,98:14,105|19:2:33,98:41,98|20:2:36,101:36,106|21:2:36,101:41,98|22:2:52,101:50,106|23:2:52,101:52,91|24:2:62,96:50,106|25:2:62,96:62,93|26:2:94,96:84,85|27:2:94,96:103,96|28:2:96,81:90,62|29:2:96,81:107,95|30:2:107,95:107,80|31:2:107,80:109,27|32:2:99,61:91,58|33:2:99,61:102,49|34:2:98,51:102,49|35:2:98,51:93,41|36:2:95,30:93,41|37:2:95,30:97,16|38:2:86,25:88,38|39:2:86,25:87,13|40:2:82,21:87,13|41:2:82,21:80,41|42:2:78,17:74,34|43:2:78,17:100,7|44:2:69,28:74,34|45:2:69,28:60,28|46:2:60,19:60,28|47:2:60,19:58,18|48:2:56,19:56,23|49:2:56,19:58,18|50:2:49,22:56,23|51:2:49,22:24,11|52:2:49,32:24,11|53:2:49,32:39,42|54:2:49,32:25,14|55:2:49,32:49,37|56:2:49,32:56,23|57:2:20,32:25,14|58:2:20,32:20,45|59:2:27,106:36,106|60:2:36,106:50,106|61:2:50,106:28,108|62:2:28,108:22,108|63:2:52,91:64,74|64:2:52,91:62,93|65:2:52,91:51,86|66:2:64,74:66,71|67:2:64,74:57,74|68:2:64,74:70,83|69:2:66,71:68,70|70:2:66,71:57,74|71:2:66,71:70,83|72:2:66,71:67,67|73:2:68,70:72,54|74:2:68,70:67,67|75:2:68,70:70,70|76:2:72,54:63,36|77:2:72,54:70,70|78:2:72,54:77,39|79:2:72,54:49,37|80:2:72,54:85,62|81:2:72,54:67,67|82:2:72,54:73,39|83:2:72,54:83,54|84:2:63,36:60,28|85:2:63,36:73,39|86:2:63,36:49,37|87:2:60,28:56,23|88:2:58,18:30,8|89:2:30,8:11,3|90:2:11,3:3,3|91:2:58,18:47,2|92:2:47,2:31,2|93:2:20,45:34,55|94:2:20,45:39,42|95:2:34,55:38,64|96:2:34,55:42,64|97:2:34,55:39,42|98:2:38,64:40,66|99:2:38,64:42,64|100:2:40,66:42,69|101:2:40,66:43,75|102:2:42,69:48,74|103:2:42,69:45,75|104:2:42,69:42,64|105:2:48,74:57,74|106:2:48,74:45,75|107:2:57,74:51,86|108:2:70,83:70,70|109:2:70,83:76,93|110:2:70,83:75,72|111:2:70,83:62,93|112:2:70,70:75,72|113:2:77,39:74,34|114:2:77,39:80,41|115:2:77,39:73,39|116:2:74,34:73,39|117:2:24,11:5,6|118:2:5,6:0,1|119:2:24,11:25,14|120:2:39,42:42,64|121:2:39,42:49,37|122:2:42,64:67,67|123:2:42,64:49,37|124:2:75,72:78,77|125:2:75,72:85,62|126:2:78,77:84,85|127:2:78,77:76,93|128:2:78,77:85,62|129:2:84,85:84,90|130:2:84,90:76,93|131:2:84,85:90,62|132:2:85,62:90,62|133:2:85,62:89,54|134:2:85,62:83,54|135:2:90,62:91,58|136:2:41,98:51,86|137:2:41,98:46,82|138:2:51,86:46,82|139:2:76,93:62,93|140:2:91,58:92,52|141:2:91,58:89,54|142:2:92,52:88,38|143:2:92,52:89,54|144:2:92,52:93,41|145:2:88,38:93,41|146:2:88,38:80,41|147:2:87,13:100,7|148:2:87,13:97,16|149:2:100,7:104,7|150:2:106,12:106,57|151:2:106,57:102,49|152:2:102,49:102,16|153:2:80,41:83,54|154:2:89,54:83,54|155:2:97,16:102,16|156:2:46,82:43,75|157:2:46,82:45,75|158:2:43,75:45,75|159:2:26,94:19,99|160:2:26,94:19,89|161:2:19,99:19,89|162:2:8,89:19,89|163:2:2,5:10,10|164:2:10,10:10,15|165:2:10,15:9,35|166:2:12,47:16,47|167:2:12,47:13,43|168:2:16,47:17,47|169:2:17,47:19,60|170:2:19,60:32,79|171:2:32,79:33,94|172:2:33,94:33,98|173:2:33,98:36,101|174:2:36,101:52,101|175:2:52,101:62,96|176:2:62,96:94,96|177:2:94,96:96,81|178:2:96,81:99,61|179:2:99,61:98,51|180:2:98,51:95,30|181:2:95,30:86,25|182:2:86,25:82,21|183:2:82,21:78,17|184:2:78,17:69,28|185:2:69,28:60,19|186:2:60,19:56,19|187:2:56,19:49,22|188:2:49,22:49,32|189:2:49,32:20,32|190:2:20,32:13,43|191:2:9,35:12,47",
  "responseModel": "Composer",
  "writtenAt": 1782975056259
}