{
  "pass": true,
  "violations": [],
  "proposed": {
    "pass": true,
    "hvStatsBefore": {
      "edgeCount": 71,
      "hvEdges": 34,
      "hvRatio": 0.4788732394366197
    },
    "hvStatsAfter": {
      "edgeCount": 71,
      "hvEdges": 44,
      "hvRatio": 0.6197183098591549
    },
    "newCrossRouteGridKeys": []
  },
  "applied": {
    "pass": true,
    "hvStatsBefore": {
      "edgeCount": 71,
      "hvEdges": 34,
      "hvRatio": 0.4788732394366197
    },
    "hvStatsAfter": {
      "edgeCount": 71,
      "hvEdges": 44,
      "hvRatio": 0.6197183098591549
    },
    "newCrossRouteGridKeys": []
  },
  "incremental": {
    "acceptedCount": 12,
    "rejectedCount": 0
  },
  "auditedAt": 1782977015707,
  "routesFingerprint": "0:2:16,6:16,4|1:2:16,4:11,1|2:2:23,8:23,7|3:2:33,15:30,14|4:2:33,15:42,15|5:2:42,15:41,22|6:2:34,22:41,22|7:2:34,22:28,26|8:2:31,26:26,27|9:2:31,26:38,29|10:2:31,26:28,26|11:2:32,34:26,27|12:2:32,34:36,36|13:2:38,34:38,29|14:2:38,34:36,36|15:2:56,20:56,30|16:2:56,30:47,29|17:2:48,23:52,23|18:2:48,23:41,22|19:2:47,29:38,29|20:2:10,50:10,39|21:2:10,39:19,39|22:2:10,50:14,56|23:2:14,56:4,56|24:2:4,56:4,49|25:2:19,39:26,27|26:2:19,39:25,39|27:2:19,39:19,31|28:2:26,27:28,26|29:2:38,29:41,22|30:2:28,26:21,19|31:2:21,19:17,16|32:2:21,19:19,31|33:2:21,19:30,14|34:2:17,16:2,17|35:2:2,17:2,13|36:2:2,13:1,37|37:2:1,37:1,51|38:2:17,16:19,31|39:2:7,31:19,31|40:2:30,14:20,14|41:2:36,36:25,39|42:2:36,36:44,45|43:2:25,39:25,43|44:2:25,39:37,45|45:2:44,45:45,47|46:2:44,45:37,45|47:2:45,47:45,52|48:2:45,47:39,47|49:2:37,45:29,53|50:2:29,53:22,53|51:2:11,1:8,1|52:2:8,1:8,3|53:2:11,1:11,0|54:2:13,6:16,6|55:2:23,8:33,9|56:2:33,9:33,15|57:2:33,15:34,22|58:2:34,22:31,26|59:2:31,26:32,34|60:2:32,34:38,34|61:2:38,34:46,35|62:2:46,35:54,35|63:2:46,35:47,29|64:2:56,20:56,11|65:2:56,11:48,12|66:2:48,12:48,23|67:2:48,23:47,29|68:2:16,6:23,8|69:2:46,35:50,38|70:2:50,38:50,41",
  "responseModel": "Composer",
  "writtenAt": 1782977015707
}