{
  "pass": true,
  "violations": [],
  "proposed": {
    "pass": true,
    "hvStatsBefore": {
      "edgeCount": 192,
      "hvEdges": 41,
      "hvRatio": 0.21354166666666666
    },
    "hvStatsAfter": {
      "edgeCount": 192,
      "hvEdges": 69,
      "hvRatio": 0.359375
    },
    "newCrossRouteGridKeys": []
  },
  "applied": {
    "pass": true,
    "hvStatsBefore": {
      "edgeCount": 192,
      "hvEdges": 41,
      "hvRatio": 0.21354166666666666
    },
    "hvStatsAfter": {
      "edgeCount": 192,
      "hvEdges": 69,
      "hvRatio": 0.359375
    },
    "newCrossRouteGridKeys": []
  },
  "incremental": {
    "acceptedCount": 29,
    "rejectedCount": 0
  },
  "auditedAt": 1782976205283,
  "routesFingerprint": "0:2:10,14:6,29|1:2:10,14:25,15|2:2:9,35:1,35|3:2:9,35:13,43|4:2:9,35:9,59|5:2:16,47:13,43|6:2:16,47:20,45|7:2:17,48:20,45|8:2:17,48:17,50|9:2:21,60:20,45|10:2:21,60:19,89|11:2:32,79:40,66|12:2:32,79:29,84|13:2:29,84:26,94|14:2:32,79:26,94|15:2:32,79:38,66|16:2:33,92:26,94|17:2:33,92:43,75|18:2:35,97:25,97|19:2:35,97:41,98|20:2:37,102:36,106|21:2:37,102:41,98|22:2:52,101:50,103|23:2:52,101:61,91|24:2:62,101:50,103|25:2:62,101:62,93|26:2:94,96:84,85|27:2:94,96:103,96|28:2:96,81:90,62|29:2:96,81:107,95|30:2:107,95:107,80|31:2:107,80:107,35|32:2:99,61:91,61|33:2:99,61:102,51|34:2:98,49:102,51|35:2:98,49:93,44|36:2:95,25:93,44|37:2:95,25:97,17|38:2:86,30:88,44|39:2:86,30:87,17|40:2:82,21:87,17|41:2:82,21:80,38|42:2:74,17:74,34|43:2:74,17:100,7|44:2:69,26:74,34|45:2:69,26:59,26|46:2:59,20:59,26|47:2:59,20:58,18|48:2:55,20:56,23|49:2:55,20:58,18|50:2:54,22:56,23|51:2:54,22:25,11|52:2:49,32:25,11|53:2:49,32:39,42|54:2:49,32:25,15|55:2:49,32:49,42|56:2:49,32:56,23|57:2:23,33:25,15|58:2:23,33:20,45|59:2:27,106:36,106|60:2:36,106:50,103|61:2:50,103:28,108|62:2:28,108:22,108|63:2:61,91:64,78|64:2:61,91:62,93|65:2:61,91:51,86|66:2:64,78:66,71|67:2:64,78:57,74|68:2:64,78:66,83|69:2:66,71:68,68|70:2:66,71:57,74|71:2:66,71:66,83|72:2:66,71:67,67|73:2:68,68:72,54|74:2:68,68:67,67|75:2:68,68:71,70|76:2:72,54:63,37|77:2:72,54:71,70|78:2:72,54:77,39|79:2:72,54:49,42|80:2:72,54:85,62|81:2:72,54:67,67|82:2:72,54:73,39|83:2:72,54:85,53|84:2:63,37:59,26|85:2:63,37:73,39|86:2:63,37:49,42|87:2:59,26:56,23|88:2:58,18:30,8|89:2:30,8:11,3|90:2:11,3:3,3|91:2:58,18:47,9|92:2:47,9:35,9|93:2:20,45:34,55|94:2:20,45:39,42|95:2:34,55:38,66|96:2:34,55:42,64|97:2:34,55:39,42|98:2:38,66:40,66|99:2:38,66:42,64|100:2:40,66:44,66|101:2:40,66:43,75|102:2:44,66:48,74|103:2:44,66:45,74|104:2:44,66:42,64|105:2:48,74:57,74|106:2:48,74:45,74|107:2:57,74:51,86|108:2:66,83:71,70|109:2:66,83:76,83|110:2:66,83:75,72|111:2:66,83:62,93|112:2:71,70:75,72|113:2:77,39:74,34|114:2:77,39:80,38|115:2:77,39:73,39|116:2:74,34:73,39|117:2:25,11:5,6|118:2:5,6:0,1|119:2:25,11:25,15|120:2:39,42:42,64|121:2:39,42:49,42|122:2:42,64:67,67|123:2:42,64:49,42|124:2:75,72:78,77|125:2:75,72:85,62|126:2:78,77:84,85|127:2:78,77:76,83|128:2:78,77:85,62|129:2:84,85:81,90|130:2:81,90:76,83|131:2:84,85:90,62|132:2:85,62:90,62|133:2:85,62:89,56|134:2:85,62:85,53|135:2:90,62:91,61|136:2:41,98:51,86|137:2:41,98:46,86|138:2:51,86:46,86|139:2:76,83:62,93|140:2:91,61:92,52|141:2:91,61:89,56|142:2:92,52:88,44|143:2:92,52:89,56|144:2:92,52:93,44|145:2:88,44:93,44|146:2:88,44:80,38|147:2:87,17:100,7|148:2:87,17:97,17|149:2:100,7:104,7|150:2:106,12:106,57|151:2:106,57:102,51|152:2:102,51:102,17|153:2:80,38:85,53|154:2:89,56:85,53|155:2:97,17:102,17|156:2:46,86:43,75|157:2:46,86:45,74|158:2:43,75:45,74|159:2:26,94:19,99|160:2:26,94:19,89|161:2:19,99:19,89|162:2:8,89:19,89|163:2:4,7:10,10|164:2:10,10:10,14|165:2:10,14:9,35|166:2:13,46:16,47|167:2:13,46:13,43|168:2:16,47:17,48|169:2:17,48:21,60|170:2:21,60:32,79|171:2:32,79:33,92|172:2:33,92:35,97|173:2:35,97:37,102|174:2:37,102:52,101|175:2:52,101:62,101|176:2:62,101:94,96|177:2:94,96:96,81|178:2:96,81:99,61|179:2:99,61:98,49|180:2:98,49:95,25|181:2:95,25:86,30|182:2:86,30:82,21|183:2:82,21:74,17|184:2:74,17:69,26|185:2:69,26:59,20|186:2:59,20:55,20|187:2:55,20:54,22|188:2:54,22:49,32|189:2:49,32:23,33|190:2:23,33:13,43|191:2:9,35:13,46",
  "responseModel": "Composer",
  "writtenAt": 1782976205283
}